age,monthly_income,account_balance,login_frequency,support_tickets,churn
65,100259.622,251626.94,10,5,1
69,183117.04200000002,138875.88,12,3,0
32,87361.362,83849.66,15,4,0
57,119710.152,143112.08,15,4,0
30,82448.658,149955.22,13,4,0
41,135679.51799999998,5000.0,8,3,0
49,84133.62000000001,57920.09,16,2,0
28,165854.718,103371.4,8,3,0
56,89019.39600000001,202591.49,9,4,0
70,105054.102,164029.61,14,4,0
70,106227.99,195765.29,15,4,1
57,120149.1,50101.44,13,5,1
47,86163.93,119996.02,8,3,1
67,44562.816,97427.12,15,5,1
70,41111.028,139244.97,5,4,0
70,99668.53800000002,218447.46,18,4,0
26,147621.18600000002,173241.33,10,5,0
61,147679.218,89593.7,10,6,0
63,125111.93400000001,146120.82,10,3,1
35,144438.102,204215.94,15,3,0
52,108551.682,170970.28,9,3,0
70,103801.68,117783.25,9,4,1
61,127744.74,188557.8,12,3,0
40,158550.534,69102.64,13,6,0
42,159943.32,81006.66,20,3,1
58,125124.66,168038.5,15,4,0
33,60821.729999999996,137821.67,8,2,1
56,87649.21800000001,61171.38,14,6,1
55,27000.0,126896.9,18,3,1
57,147054.294,136721.91,13,3,0
66,107236.152,5000.0,22,5,1
53,156990.798,163646.34,11,3,0
63,157432.572,79303.91,7,4,1
70,102945.258,5000.0,11,3,1
32,133108.578,83939.06,13,4,1
52,107495.388,113799.98,10,5,1
32,56391.462,186867.21,13,5,1
66,124936.398,50406.77,15,3,1
33,116205.102,46707.92,18,3,0
51,116759.7,140480.57,17,5,0
37,167896.18800000002,20025.9,7,4,1
70,75576.31199999999,250456.84,14,4,1
48,54075.312,83086.08,13,3,0
70,142696.674,156221.99,11,4,0
70,152625.618,108177.59,11,5,1
46,132033.636,164330.85,13,6,1
49,113395.32,102395.07,11,3,1
42,120047.058,90455.1,14,4,0
67,118371.78000000001,90760.69,13,6,1
70,114323.94,215282.77,12,5,0
51,99032.85,149903.26,9,6,1
67,153488.952,102726.52,9,3,1
70,90037.13399999999,122597.27,21,6,1
61,62526.204,182653.75,10,4,0
62,110240.802,184525.32,12,4,0
47,84071.448,84668.05,11,4,0
70,76755.708,42618.01,5,4,0
46,129773.51999999999,164745.17,21,2,0
59,67282.65000000001,159861.62,17,6,0
32,73905.372,157691.46,15,5,1
58,87046.56,200504.23,9,4,1
58,77055.246,70993.07,14,4,0
35,93457.69200000001,125412.72,9,4,0
30,96074.82,138079.13,14,3,0
69,63036.846000000005,128798.8,9,3,0
40,59719.896,61921.04,12,4,1
69,181978.776,191544.68,12,2,0
60,115495.92,180229.38,10,4,0
31,93867.372,150208.11,10,5,0
26,126852.642,146329.53,13,3,0
32,115669.962,125278.2,8,3,0
69,113106.33,32973.54,14,3,1
50,95094.36,92412.21,8,5,1
29,98702.45999999999,49434.57,17,2,0
37,92337.12000000001,172488.89,9,4,0
53,168069.52800000002,59516.75,13,3,0
68,97557.912,64641.12,16,3,1
54,124291.87199999999,197883.54,13,4,0
58,126645.768,84253.14,10,3,1
37,42498.954,177686.99,9,5,1
68,148344.966,62799.96,13,3,1
70,116563.78800000002,224589.49,10,4,0
47,44922.258,179809.63,10,4,1
43,160706.214,72131.27,8,3,0
70,142631.766,5000.0,13,3,1
52,118559.79000000001,183026.38,12,3,0
62,85154.004,130932.64,7,4,0
70,76101.3,42384.06,12,3,1
46,102421.98,216538.9,8,4,1
60,91842.39000000001,114560.11,14,3,0
55,143535.924,147524.82,8,2,0
46,130562.604,210238.61,11,4,0
40,146668.41,281983.17,17,5,0
31,115230.186,7249.32,13,4,1
33,102642.28199999999,213194.4,15,4,0
70,99660.456,81432.85,15,3,1
70,97964.55,173291.42,9,4,1
56,102310.83,27384.27,10,2,0
27,120199.93200000002,26035.94,15,4,1
56,115564.96800000001,81981.99,13,2,0
43,107605.278,80153.64,13,5,1
57,194491.35,53800.83,12,2,0
55,112271.454,119947.74,12,3,0
33,120016.26,107829.15,14,5,0
63,100698.102,113422.57,10,6,0
55,143851.32,158711.16,15,3,1
70,138943.098,146771.47,17,2,1
55,111612.22200000001,88056.37,15,4,0
58,145233.9,95311.39,14,6,1
56,130708.116,140647.47,10,4,1
42,61976.97,166270.06,9,5,1
35,63195.840000000004,48412.57,11,2,1
49,73767.43800000001,14879.05,12,4,0
62,112365.59400000001,191720.74,12,5,1
33,80924.886,52845.69,12,4,0
29,50616.09,5000.0,10,5,1
70,85393.13399999999,154531.71,7,2,1
42,106053.57,129779.52,11,2,0
63,104204.50200000001,47514.7,18,3,0
31,111953.772,100210.48,15,2,0
27,101061.81,178228.5,13,3,1
64,113322.816,105545.96,14,7,0
33,99741.042,140640.23,9,3,1
52,78406.11,85590.45,7,2,0
70,58957.758,138100.23,12,6,1
50,104338.04400000001,96918.04,13,2,1
70,125533.04400000001,132986.51,10,5,0
29,84582.126,84696.23,12,2,0
33,86394.636,212366.01,12,2,1
48,135254.772,141432.67,8,3,0
47,167560.39800000002,154783.76,10,5,0
37,157992.498,57946.52,15,6,0
40,86881.914,127473.64,12,6,1
41,80559.09000000001,101378.23,14,6,1
63,96573.888,192532.32,7,6,0
46,112509.54000000001,131117.92,9,6,1
62,117985.53600000001,150526.05,8,2,0
62,41026.32000000001,127640.29,9,4,1
38,151484.14800000002,5000.0,10,4,1
66,137226.024,130699.9,12,5,0
36,90650.376,208363.05,9,3,1
44,125220.06,72821.53,13,3,0
32,83397.852,122668.72,14,3,1
60,104263.758,130957.57,20,2,0
70,158543.388,96109.91,18,4,1
52,60032.556,176547.38,13,4,0
62,87495.552,143373.75,7,4,0
60,89338.626,191570.61,14,3,1
41,94995.63,49086.59,11,3,1
43,116828.604,120563.03,14,4,1
43,102851.154,229278.68,14,3,1
70,170946.342,44160.91,4,3,1
55,74668.01400000001,117751.14,9,4,0
60,134010.324,126684.15,9,3,1
70,93431.142,113945.25,10,3,1
35,120817.53000000001,189091.31,9,8,1
57,101763.45,73621.58,12,4,1
55,95611.914,55112.91,13,3,0
70,85507.83,218421.06,16,3,1
64,96853.842,147160.73,9,6,0
61,69712.686,72389.2,14,4,0
66,84836.26800000001,125771.51,11,2,0
70,27000.0,94265.86,10,3,1
48,95738.23800000001,122324.79,16,2,0
37,74792.79000000001,121222.03,20,4,0
40,95993.586,205430.45,10,4,0
70,76168.368,164841.34,9,3,0
58,144183.22199999998,202036.59,13,5,1
54,99983.64600000001,155336.37,10,4,0
63,101716.86600000001,102459.61,9,3,0
52,151066.566,158585.93,11,3,0
52,70496.028,117714.0,7,7,1
39,112539.22200000001,177872.52,10,6,0
35,59489.226,132190.13,9,7,1
36,76946.418,60479.27,17,3,1
57,79770.24,112028.72,11,3,1
59,170737.038,5000.0,17,2,0
65,82240.92,241625.98,9,6,1
43,134176.014,213956.12,12,3,1
70,127373.76,80887.4,6,3,1
53,159417.72,49744.8,11,3,0
70,100298.304,210219.41,12,4,0
61,61838.784,60069.32,5,3,1
45,66964.75200000001,157376.82,14,3,1
31,161190.216,266092.08,14,3,0
67,132007.48200000002,129118.57,12,5,0
52,162864.97199999998,157529.78,12,5,1
61,166164.012,193690.82,9,5,1
63,122144.292,147728.01,11,4,1
70,109045.476,70027.36,10,5,1
66,130765.302,127574.16,9,6,1
52,63693.054,334027.22,12,5,0
66,98156.826,146712.19,10,8,1
70,108840.726,145096.7,10,5,1
39,137022.354,131125.61,12,2,0
52,48080.808000000005,134431.31,14,6,0
43,44320.446,88058.85,10,3,1
40,151428.15,133473.31,13,2,0
62,129907.998,192288.42,15,3,1
70,93669.26400000001,5000.0,11,3,0
66,90266.994,126247.44,11,3,1
40,108155.448,131277.91,15,4,1
45,51265.764,110513.1,14,3,0
42,78965.51400000001,97292.75,10,2,1
40,144044.586,103907.59,16,4,1
29,144428.14800000002,217282.31,6,4,1
56,166963.914,103244.89,16,4,1
26,125566.272,136140.23,5,2,0
59,152001.54,125598.04,15,3,0
43,56955.024000000005,77253.96,12,2,0
50,58148.316,191937.59,8,6,1
40,27000.0,53317.3,5,4,1
53,56151.324,186848.85,11,3,1
63,40613.867999999995,188673.3,13,2,0
53,130741.956,139402.83,16,2,0
26,133634.016,35155.41,13,3,0
33,57100.32000000001,216682.04,14,2,0
70,48280.32000000001,154044.56,15,3,0
62,142316.1,177343.98,11,3,0
68,154413.396,180315.68,14,3,1
49,63435.744000000006,98002.88,15,7,0
70,116741.52,109726.86,15,5,0
70,159319.62,11373.71,13,3,1
65,118316.88000000002,83174.66,12,2,1
44,164251.098,129816.32,9,3,0
60,111076.65000000001,112666.05,10,4,1
61,116315.94600000001,73509.92,21,3,0
65,94444.03800000002,78969.25,14,3,1
69,30553.2,141029.55,13,3,0
70,88506.99,158461.53,9,5,1
45,71527.806,152305.66,7,2,1
70,145799.154,201052.19,9,2,1
70,56715.804,58440.15,9,2,1
40,102883.41,203154.96,13,2,1
67,109522.224,104892.43,10,4,0
70,128899.92600000002,158268.74,9,4,1
58,110520.918,161910.94,9,5,1
70,183068.316,151769.36,13,3,0
32,126644.85,74683.7,11,2,0
62,116581.96800000001,89219.51,17,6,1
62,115669.11600000001,113338.38,15,3,0
57,143735.00400000002,155361.12,9,3,1
59,52459.146,97508.06,16,5,1
57,80842.806,110901.41,9,5,1
33,109444.212,184081.68,12,4,0
61,80239.68,118922.81,13,2,1
40,112751.316,130516.14,9,3,0
70,41715.846000000005,97582.32,16,3,0
44,177054.714,139945.95,13,3,0
42,119107.87199999999,16505.86,11,6,1
33,111668.382,171106.14,12,2,1
46,71546.364,105055.74,11,4,0
57,137414.736,105689.5,17,3,0
42,141885.93600000002,154145.91,12,3,1
41,90324.25200000001,57110.99,6,4,0
63,105889.374,205219.55,11,4,1
51,56587.734000000004,288139.84,12,3,0
27,116756.784,78269.67,20,4,0
67,110746.04400000001,195302.44,9,4,0
46,146325.51,128680.55,13,3,1
70,126469.314,168132.73,14,4,0
47,152099.748,123081.69,22,4,0
70,103264.614,134232.43,12,4,0
46,115908.76800000001,96343.89,11,4,0
60,102198.906,65253.06,14,3,1
55,108926.51400000001,113079.48,15,2,1
32,85161.654,116512.63,13,4,0
38,104594.47200000001,163745.53,6,4,0
50,87430.554,66557.57,9,7,1
70,147670.72199999998,23398.17,9,2,1
63,122625.162,81088.65,13,4,1
45,114514.29000000001,57121.62,8,4,1
67,94025.016,138080.26,10,8,1
70,145905.21,197830.9,10,6,1
34,112622.598,62572.46,14,5,1
70,127645.866,95402.9,17,4,0
42,91525.03199999999,100085.12,16,5,1
44,119441.62800000001,39668.87,10,4,0
37,84056.598,81878.9,10,4,1
45,85204.872,106064.23,11,2,1
33,88258.302,119979.02,12,5,0
58,167685.138,166759.91,12,5,0
70,112723.758,102680.85,18,5,1
46,160044.39,255706.71,15,2,0
58,75594.348,189102.43,12,5,1
31,120468.42,140713.38,8,7,1
67,88439.67,187013.55,10,6,0
40,119501.244,190610.2,10,4,1
65,165680.658,200753.44,14,3,1
35,161359.632,5000.0,17,6,1
43,78598.44,155053.34,13,4,1
47,134730.828,91344.69,15,4,1
47,138444.48,99131.57,7,3,0
70,102337.07400000001,133122.62,13,4,0
34,93574.944,123655.7,12,4,1
50,76626.27,136413.97,21,5,1
53,113895.558,79659.66,15,4,1
28,59028.21,142055.39,15,8,1
42,98824.82400000001,164611.78,10,4,1
65,110855.57400000001,166093.58,21,6,0
36,81550.854,92727.95,19,3,1
70,65274.71400000001,123440.9,7,2,1
52,134020.872,140356.39,13,5,1
70,100497.582,83039.65,13,4,0
70,51898.5,67779.31,22,4,1
47,98610.948,165939.38,12,4,0
33,118571.364,276782.17,15,5,0
41,85003.056,37617.25,12,3,0
70,121336.56,153394.59,13,6,0
70,113511.6,131163.32,12,3,0
54,119508.552,142201.71,13,7,0
45,93994.23599999999,5000.0,11,4,0
46,88463.304,107760.12,8,3,0
55,143115.57,131186.19,10,5,0
30,116054.334,124823.59,8,3,0
70,122146.236,46526.41,10,4,1
39,128965.68000000001,147534.47,15,2,1
70,120042.144,164706.21,16,5,1
34,120939.53400000001,47980.19,11,3,1
70,118908.26999999999,180319.28,14,2,0
31,109428.318,5000.0,9,3,1
70,86840.046,127439.55,11,5,1
57,135374.112,111524.51,8,6,1
62,117569.53800000002,171642.95,14,4,1
30,96870.132,117130.49,14,7,1
42,137838.816,68856.11,9,6,0
41,174631.87800000003,128969.01,11,3,0
35,75314.934,69974.52,19,2,0
47,115853.22,27313.64,12,5,1
64,154304.208,67990.27,10,6,0
44,59898.6,81560.04,12,4,1
55,109367.082,110727.34,8,3,0
62,106436.898,150919.65,9,2,0
30,88181.694,153241.7,11,4,1
60,165917.75400000002,65926.95,10,3,1
70,137981.178,5000.0,13,3,1
45,106265.178,120715.57,14,4,0
30,60625.331999999995,134805.36,16,4,1
56,114001.542,197283.28,10,2,1
69,78669.612,115758.83,9,2,1
54,126512.81999999999,40562.97,3,3,1
67,97795.18800000001,65957.05,18,4,0
39,119391.318,23694.81,11,2,1
70,160492.806,72357.13,10,6,1
64,136294.524,253147.74,11,5,0
40,100270.26,187889.46,15,6,0
26,105330.582,111683.18,18,3,1
27,79453.332,138167.24,13,6,1
50,136337.958,119128.42,12,2,0
52,78094.152,68943.31,8,5,0
58,89825.63399999999,59835.81,10,4,1
70,59553.162,100901.56,8,6,1
62,112246.83,47480.77,6,2,1
70,176555.07,140956.13,8,3,1
34,93867.93,122377.63,9,6,0
44,94288.248,128718.52,13,4,1
70,91158.552,109144.35,16,6,1
46,113408.45999999999,178934.95,7,4,0
70,123158.754,158367.16,11,7,1
70,195412.896,149748.35,11,6,1
70,153030.51,85154.43,16,6,0
68,117836.892,209663.5,15,4,0
64,74252.52,78206.12,8,3,0
70,156518.604,167218.73,11,3,1
26,126960.606,231390.26,12,4,0
68,84924.306,131399.83,11,4,0
46,120962.7,112323.56,14,4,0
52,113101.2,84928.22,10,3,1
49,151046.406,210075.49,6,5,1
33,126509.022,148692.86,12,4,0
49,84180.042,107219.01,12,6,0
53,123205.26599999999,245347.9,19,4,1
48,166834.33200000002,68378.71,11,8,0
30,124862.97600000001,5000.0,19,4,0
62,97514.748,122102.0,16,3,1
66,91780.308,56970.21,13,5,1
57,194031.612,79238.41,12,3,0
62,155327.58000000002,96313.95,13,4,1
30,79369.398,206309.48,17,2,0
56,131013.054,157415.15,9,6,1
48,156131.586,12414.26,18,5,1
44,140562.774,27115.3,11,2,0
45,93963.834,199328.89,13,4,1
63,106533.126,40282.99,15,5,1
62,41295.762,104745.98,9,6,1
48,101624.652,164308.52,12,5,0
70,103913.334,77499.48,8,3,1
49,139100.49000000002,60789.04,18,3,0
55,100305.684,102117.31,11,3,1
57,89618.94,74718.24,13,2,0
30,165303.45,131385.5,13,5,0
57,143531.928,197865.87,10,4,1
36,87933.168,133398.08,9,3,1
37,32755.644000000004,92177.66,10,2,0
44,45717.588,47155.86,8,4,1
64,102514.194,65018.57,7,5,0
27,107143.272,5000.0,11,4,1
35,103129.93800000001,198568.75,4,3,1
29,138324.474,140053.66,9,5,0
67,171866.574,190244.6,15,4,0
70,135652.19400000002,101278.14,10,3,0
40,117917.388,267815.34,10,7,0
45,116910.756,195564.02,15,4,1
51,56602.26,99739.91,9,2,0
27,142274.772,71622.05,11,6,0
61,100603.746,22160.45,13,3,1
46,142744.19400000002,60734.76,7,4,1
49,66283.79400000001,131937.28,18,5,1
52,98025.76800000001,5000.0,11,5,0
51,49320.09,168227.34,11,2,1
52,96630.732,190537.21,8,5,1
30,170092.638,137296.28,10,6,1
66,81445.932,115127.91,15,4,0
66,91823.184,72789.35,11,2,0
70,90176.076,256179.03,9,2,1
49,119259.07199999999,101061.48,11,4,0
54,70993.962,207288.31,10,3,0
54,89049.186,151257.2,14,6,0
70,58479.552,210867.21,9,4,1
36,200000.0,191265.0,11,4,1
60,84504.618,67276.65,13,2,1
60,99483.318,147796.32,6,2,0
37,63012.509999999995,110330.83,12,6,1
29,108514.422,178958.84,11,4,0
68,96094.296,57540.42,7,2,1
35,36284.976,112589.53,20,2,0
28,200000.0,87115.71,13,4,1
61,91417.5,135246.28,14,10,1
41,91985.23800000001,30577.21,15,4,0
62,134215.83000000002,135506.53,19,5,0
70,31692.582000000002,84854.1,4,4,1
52,99597.22200000001,154610.71,16,4,0
70,59938.10999999999,90377.71,15,4,1
37,80551.656,95037.89,17,6,1
39,89011.53,115327.67,13,5,1
70,27000.0,109848.7,14,6,1
46,86240.754,5000.0,12,2,0
30,115177.86,157925.03,13,3,1
39,70392.708,117982.63,21,6,1
38,112141.584,101139.91,17,4,1
64,96274.926,126821.75,6,3,1
67,155145.22199999998,74992.83,17,3,0
41,100763.982,130294.84,11,3,1
66,117640.494,17087.9,8,3,1
70,109579.392,51939.86,10,3,0
56,97087.482,120299.82,13,3,1
70,166102.956,16010.7,10,6,1
53,122665.87800000001,122278.93,5,5,1
32,119646.81,227067.14,10,4,1
44,134298.162,201817.87,12,2,0
55,183634.29,174039.57,9,4,1
34,77339.7,80152.36,10,4,0
67,157961.304,68675.48,14,5,1
59,71410.212,122272.87,18,4,0
46,103835.178,174353.47,6,2,1
46,134428.284,141239.79,17,4,0
36,152413.91999999998,112738.1,11,3,0
66,78618.996,112058.58,12,5,1
36,151626.996,242009.39,4,4,0
34,132537.978,5000.0,14,4,0
60,192437.02800000002,35415.39,12,2,1
47,62554.518000000004,175394.34,8,5,1
31,128029.46399999999,142684.05,11,6,0
58,92530.13399999999,45179.31,6,4,0
70,95846.148,193372.61,12,6,1
48,108818.136,53138.4,16,4,0
67,90026.082,116742.32,16,5,0
27,126110.84400000001,115362.97,16,6,1
70,112605.246,134264.77,16,3,1
54,72525.114,110339.14,13,4,0
52,192016.746,170888.52,19,4,0
30,110470.95,104915.23,9,5,1
52,44263.74600000001,80062.98,10,7,1
26,99481.842,75303.81,12,3,0
43,110476.278,12362.71,13,3,0
37,98146.512,98023.21,9,3,0
69,98487.0,223750.59,17,4,0
35,154036.782,113848.84,6,2,1
26,88118.51400000001,207793.49,14,5,1
64,92039.56199999999,75016.22,16,7,1
70,89185.626,141883.32,8,4,0
62,94420.44,139944.78,4,4,0
34,84065.49,5000.0,13,2,0
67,112773.168,51963.31,12,2,0
27,148066.29,39057.13,14,7,1
67,113430.456,142818.73,18,4,0
69,114072.372,27422.68,12,3,1
70,91362.49200000001,177234.74,8,6,0
47,89904.132,120282.03,10,3,0
49,55742.274000000005,66747.35,9,6,0
68,175251.888,43852.46,13,6,1
70,99194.598,251773.81,13,5,1
30,74011.698,165232.38,12,2,1
59,109994.68800000001,118422.73,9,4,0
70,100646.838,221375.5,16,3,0
59,149798.7,105015.97,15,5,1
55,122248.962,159752.73,15,6,1
34,68807.61,102498.44,19,4,1
63,89153.55,161928.51,11,3,0
70,75963.31199999999,153607.82,13,5,0
55,101321.1,194352.1,16,3,0
63,51920.53200000001,191462.76,8,2,0
54,168842.48400000003,127125.24,10,5,1
57,121548.384,97538.8,14,2,0
70,114710.184,132586.96,14,4,1
40,117958.878,168669.03,15,3,0
30,130264.83000000002,161130.53,9,5,0
39,78101.51400000001,78028.18,7,2,0
34,112688.568,134913.58,12,5,0
61,166468.176,122978.19,10,4,0
44,159962.994,210630.12,15,3,0
68,68605.596,234361.33,7,5,1
50,91116.45,73420.76,11,4,0
67,97427.19600000001,87493.45,4,2,1
34,41999.832,198313.3,8,4,1
26,85993.362,128093.97,11,4,0
38,107178.732,143229.97,13,3,0
70,126282.43800000001,154993.75,14,6,1
56,102146.832,37675.3,9,2,0
52,56520.234000000004,48518.72,10,2,0
49,99513.45,190345.65,15,3,0
37,79979.61600000001,144613.83,16,4,1
30,142448.34600000002,192381.73,9,4,0
63,139538.75400000002,120906.51,10,2,1
31,90719.712,168073.63,14,4,0
66,155121.498,156244.04,12,5,1
66,96843.132,110508.12,12,5,0
70,119727.486,199703.47,9,3,0
48,160551.882,118678.19,9,2,0
49,133678.602,189466.0,12,7,1
58,101384.622,35591.56,11,5,1
57,115379.568,138587.7,8,7,1
58,200000.0,276366.93,12,2,0
70,102078.342,196828.33,15,4,1
50,124044.66,30748.72,14,5,1
48,72768.348,43969.8,14,2,0
70,130102.308,116275.55,5,4,0
32,94422.78,147911.1,11,3,1
59,141147.918,80723.19,14,4,0
64,80086.03199999999,64779.48,14,3,0
70,134045.154,25837.42,14,5,1
68,112496.94,67359.66,14,4,1
29,122848.34400000001,5000.0,12,3,1
55,128922.51599999999,86960.37,14,2,1
52,138793.87800000003,179619.9,14,3,1
50,79675.92,144786.64,7,2,0
55,43589.052,94388.4,6,4,1
38,106170.12000000001,260005.11,9,5,0
67,136064.26799999998,113828.15,11,2,1
70,70226.244,89333.82,9,3,1
70,148556.988,133150.54,16,5,1
70,78374.84400000001,212454.42,10,2,1
70,115935.786,80832.72,18,4,1
28,111613.51800000001,278904.32,14,5,1
65,113438.34000000001,88145.09,10,5,0
33,159998.184,101032.94,14,6,0
55,68890.302,195596.93,12,4,0
49,76353.48,111588.96,9,3,1
46,93075.948,207204.63,13,6,1
56,118629.71999999999,166511.64,15,7,1
70,79045.72200000001,76103.6,10,3,1
57,157171.914,126343.46,12,2,1
65,111058.65000000001,144974.24,15,4,1
42,107970.75,181072.69,17,3,1
51,93630.852,269826.34,10,5,1
35,142989.066,168635.76,11,4,0
54,159362.946,98114.18,4,3,0
29,27000.0,176964.27,12,6,0
65,128222.802,190416.23,10,4,1
70,70373.484,73003.16,10,3,1
26,123766.63200000001,184101.29,18,6,0
58,115870.536,124500.02,17,3,1
58,119966.77800000002,102243.23,12,5,0
44,105248.214,168413.68,10,4,1
70,92907.036,5000.0,12,3,1
67,137682.684,16036.58,16,4,1
57,75480.606,155444.65,10,4,1
67,160913.52,163418.66,9,5,0
70,135419.04,58478.99,10,3,1
51,63168.174,50908.44,17,2,0
62,50724.018,186244.32,13,4,0
66,167313.69,66602.59,13,4,1
50,104896.26,182276.75,15,2,1
69,71179.902,112827.16,7,4,1
40,142155.774,128790.99,11,2,0
47,112936.96800000001,68280.4,12,5,0
42,126340.542,178564.47,11,4,0
27,109538.478,185189.29,12,4,1
29,112659.012,163497.28,16,8,1
62,130999.806,93198.57,10,3,0
67,139106.556,126412.12,12,5,0
40,40166.784,61173.5,11,4,1
58,105502.644,135317.62,9,4,1
36,134039.14200000002,180206.39,10,5,0
53,145850.66999999998,90845.68,12,5,1
36,96334.974,78099.12,8,4,1
27,105693.03,44420.19,9,4,1
56,80291.19600000001,125245.71,13,6,0
32,46873.926,110063.0,13,2,0
26,88376.256,109343.45,9,3,0
38,127039.42800000001,258473.0,10,4,0
67,105203.376,236744.86,11,5,1
33,148608.954,44706.92,14,5,1
49,87195.276,5000.0,10,3,1
40,124258.17600000002,81758.3,11,5,0
41,101148.588,76198.88,8,5,0
53,122368.78800000002,182855.22,11,5,0
63,81005.922,164964.34,16,4,0
67,102685.428,70671.97,14,5,1
70,105245.44200000001,209997.94,14,4,1
68,115857.828,227186.47,11,2,0
44,176341.968,107284.21,7,2,1
70,63364.770000000004,85863.94,15,3,1
59,138430.53000000003,104399.56,12,4,1
70,83573.586,109553.15,13,4,0
42,111520.512,164487.87,16,3,0
58,98225.748,54321.33,17,7,1
52,107414.712,5000.0,7,3,0
70,162206.83800000002,67383.7,7,3,1
49,97559.82,180330.63,9,4,1
70,170564.328,88859.75,8,5,1
65,69163.86600000001,112093.23,15,5,0
26,110435.724,279818.42,16,3,0
38,93953.71800000001,71780.58,14,4,1
29,67134.654,107399.71,15,7,1
53,120549.47399999999,5000.0,12,5,1
66,84846.888,85037.57,12,3,1
26,136516.05000000002,118102.79,11,4,1
68,79770.888,82469.66,14,2,0
67,116498.232,37034.45,7,4,1
37,116892.28800000002,84143.08,7,4,1
44,171905.328,66101.95,6,4,1
70,123548.09400000001,106943.43,11,7,1
48,86518.76400000001,118859.66,12,3,1
65,49575.456,96721.34,5,4,1
40,103421.07,109287.49,18,5,1
66,151150.266,142970.12,17,4,1
34,127767.07800000001,160271.24,12,3,0
40,80281.296,93682.99,13,3,1
37,112895.262,94605.01,14,8,1
70,127979.31599999999,133997.67,11,2,1
49,98674.326,182397.88,13,5,1
68,110091.69,91125.33,8,5,1
70,104214.726,104810.25,11,4,0
55,111132.18,153020.19,13,5,1
60,143657.08200000002,73837.72,15,3,1
40,27000.0,158133.72,12,3,1
45,27000.0,191589.2,13,4,1
70,145699.39800000002,101447.91,16,2,0
33,92551.086,209443.49,13,3,1
68,148304.52,95381.84,11,2,1
62,161211.024,56169.5,10,3,1
45,92157.04800000001,196623.74,18,6,1
66,101019.582,115526.72,9,6,0
30,146133.84600000002,49076.03,18,4,1
68,147074.256,137233.62,7,4,0
59,120966.33600000001,183722.84,10,5,1
32,136846.80000000002,202478.61,9,2,1
70,96714.81,86745.84,13,6,0
31,123332.77800000002,238542.48,14,2,0
26,93025.18800000001,151306.11,7,5,0
56,135201.474,221890.81,15,4,1
35,82661.886,62634.85,12,5,0
70,107761.95,99633.15,14,5,0
26,116566.632,115316.52,13,5,1
63,27000.0,37999.96,8,4,0
67,163385.154,67264.26,17,6,1
70,49911.426,173107.75,14,3,0
42,96686.082,69062.05,14,2,1
70,93309.69600000001,68960.17,10,4,0
53,102204.63,52143.22,15,4,1
66,34306.956,129953.95,17,5,0
50,130761.666,70020.12,13,2,0
32,120982.91399999999,131913.89,14,5,1
69,116446.914,105409.15,19,5,1
46,123999.498,153163.46,8,3,1
54,154682.496,104619.3,13,3,0
61,98048.664,13632.99,7,8,1
62,85534.776,164042.06,11,6,1
65,141191.406,66957.48,18,2,0
46,68011.758,111642.07,14,2,1
62,94134.49200000001,75663.04,10,3,1
29,75155.184,38599.96,7,5,1
70,148493.736,188872.95,15,4,1
46,105853.51800000001,176531.23,15,3,0
70,143968.644,119669.19,10,4,1
63,129090.78000000001,123780.8,11,3,0
64,70895.52,188527.0,12,4,0
42,105155.01,183035.15,8,3,1
46,71658.54000000001,125738.89,15,6,0
34,42626.934,127025.18,11,2,1
34,108469.8,104600.06,4,4,0
41,70071.66,64897.75,12,5,1
48,103104.792,101474.27,11,3,0
34,99660.888,184595.76,9,6,1
36,161828.172,12358.98,6,3,1
70,93632.94,133717.27,12,5,0
51,86094.99,150717.83,15,4,0
58,102269.53800000002,41283.67,11,5,0
39,67830.534,102991.4,13,3,0
48,111971.88,113892.94,14,3,0
33,125553.81599999999,156217.34,11,5,0
27,87684.498,139445.7,8,7,1
70,62850.564000000006,106566.93,15,4,0
57,78793.686,49534.18,10,6,1
53,135286.65,68835.71,16,5,0
59,80367.3,198847.19,9,4,1
66,104776.21800000001,173110.77,8,5,0
35,78463.854,93834.77,16,5,1
70,76833.36,63921.86,15,3,0
53,131192.496,122859.71,13,3,0
56,42207.876000000004,171284.2,7,9,1
46,155471.796,73648.78,8,3,0
53,114817.536,142508.5,8,3,1
70,133449.228,56889.71,9,5,0
66,85207.68,166748.89,17,5,0
45,64512.611999999994,11790.73,12,2,0
34,27000.0,77599.05,7,2,0
44,83658.36600000001,65226.51,9,2,0
43,128754.26999999999,104767.66,11,2,1
33,114386.058,85950.28,9,5,1
69,118568.01599999999,54913.12,9,5,0
64,71003.91600000001,152471.63,13,4,0
67,83064.978,112398.55,21,2,0
70,143633.412,132873.32,17,6,1
30,58149.270000000004,84370.23,15,2,0
63,63574.146,47707.6,16,5,0
70,163863.79200000002,5000.0,9,5,1
36,129525.624,69155.01,11,5,1
39,140304.204,105682.36,8,8,1
64,94603.44600000001,136932.68,11,5,0
55,69735.582,58913.13,12,4,0
70,100570.96800000001,164134.99,20,2,1
37,117408.51,30589.91,15,4,0
57,151492.086,92189.22,8,3,1
29,167037.714,206698.12,11,6,0
57,93275.19,163614.54,10,3,1
70,128856.02399999999,233848.55,16,5,1
56,83528.892,137773.07,11,3,0
63,90467.748,129082.92,10,5,1
69,94406.68800000001,222021.48,13,6,0
29,63941.382,68030.3,17,7,1
67,68517.162,108194.88,15,2,0
65,191522.26799999998,64406.54,11,2,0
35,72559.04400000001,154561.88,14,3,0
63,167241.474,141911.07,13,5,1
61,86582.57400000001,48060.68,9,4,1
70,123382.314,175961.84,13,6,1
54,54658.584,146873.12,12,3,0
70,179681.256,143086.29,10,3,0
41,128165.022,118076.71,12,4,0
70,58596.57000000001,216288.47,12,6,1
31,108497.862,86138.51,8,5,0
43,135248.022,129879.02,17,4,1
65,59393.700000000004,148391.67,13,3,1
54,158322.18600000002,114038.99,6,4,1
47,98570.592,71873.48,10,3,0
70,106800.3,60390.66,8,2,0
47,54235.062,125198.67,5,3,0
39,96598.31400000001,5000.0,8,4,0
38,150103.818,196738.69,7,2,1
66,108742.482,116869.75,7,4,1
40,87574.158,144198.12,18,5,0
50,70535.53800000002,140797.05,11,4,1
63,82703.16,134876.51,12,6,1
42,145505.08800000002,126578.24,12,5,1
28,100559.71800000001,63485.01,14,3,0
28,69957.234,74211.61,10,5,0
45,147777.228,11598.71,12,5,0
56,107185.644,237484.32,14,3,0
29,166954.266,177098.31,13,4,0
70,169758.23400000003,195437.08,10,5,0
54,117482.148,116682.01,10,3,1
32,70231.44600000001,214131.19,10,3,1
70,85770.36,182909.89,17,4,0
59,140525.208,136403.04,10,4,0
64,135036.594,113262.14,7,2,1
63,103820.868,197577.95,14,4,0
47,134626.87800000003,140782.34,8,2,0
58,109595.88,22348.18,14,6,1
59,47037.941999999995,146625.1,13,4,0
69,127492.66799999999,30669.35,11,6,1
66,102029.202,294881.18,17,6,0
54,108498.06,148019.46,11,6,0
34,90548.406,98297.93,10,9,1
45,169502.562,162981.19,11,7,1
43,113069.448,186645.67,14,3,0
38,66394.53,81097.37,12,5,0
54,101612.106,182400.22,13,6,1
61,174696.246,112788.15,11,6,1
29,94432.536,107078.41,9,5,0
45,74677.554,193851.85,6,3,0
46,113120.55,143726.28,18,3,1
69,122634.39600000001,117045.74,10,5,1
37,122330.25,97514.46,18,4,1
56,87912.036,158535.85,14,8,1
69,100601.262,162380.62,11,5,1
37,98217.684,158615.61,10,2,1
47,135272.448,74179.52,16,5,1
51,102596.796,140972.29,7,4,0
39,128085.08400000002,80967.88,11,5,0
28,200000.0,93668.01,13,6,0
58,118372.44600000001,130379.78,15,4,0
30,116821.872,102426.02,10,4,0
38,114266.898,160786.56,13,4,0
50,71990.802,146000.77,13,5,1
28,143827.65,165787.11,19,2,0
56,86268.006,113478.28,8,4,0
27,173847.024,211876.0,16,2,0
70,91272.348,19248.4,12,4,1
29,168500.358,121761.31,18,5,0
27,94590.918,210694.66,13,3,0
70,141437.88,112157.35,9,3,0
42,102981.816,157901.52,8,3,1
51,164996.37,175362.48,11,4,0
38,180305.22600000002,79661.57,14,3,1
43,111200.54400000001,149161.97,6,2,0
45,107506.494,179401.16,18,3,1
33,101651.598,183648.51,11,5,1
33,108167.076,183710.45,18,6,1
58,115200.558,5000.0,16,4,1
32,126623.82600000002,182674.14,10,3,0
65,134917.11,91747.15,8,6,1
38,98551.872,176812.44,10,3,0
41,114620.436,209327.93,12,6,0
34,104480.208,105590.65,18,6,0
70,91609.596,154490.78,16,4,1
57,153639.252,27104.54,12,4,1
56,94756.212,68151.37,11,5,0
49,105123.042,141248.25,15,3,1
70,105289.578,149569.34,19,4,1
70,103227.012,130914.2,13,3,0
26,86934.456,111245.73,9,6,1
70,107112.078,17744.22,11,3,1
39,189966.69,201732.58,13,6,0
65,82729.70999999999,56571.93,14,5,1
45,80274.95999999999,108309.88,10,4,0
64,136787.958,115626.23,9,5,1
36,54379.26,82095.19,11,5,0
49,121055.52600000001,15310.16,8,2,1
70,76995.342,139443.8,16,4,0
55,69008.81400000001,108576.32,16,2,1
57,48281.22,202144.09,15,2,1
57,130373.604,123943.49,12,5,0
57,62780.094000000005,75469.73,11,3,0
70,111417.858,83273.64,10,3,0
44,91591.668,115301.65,14,5,1
39,135110.12399999998,70841.51,11,2,1
62,89261.622,34539.19,14,4,0
57,171753.894,156431.35,5,3,1
32,137158.25400000002,136251.87,12,3,0
70,158973.354,117558.13,6,5,1
67,62421.407999999996,173136.09,13,3,0
61,122445.73800000001,115398.18,13,2,0
68,151659.702,165991.2,16,5,0
57,133273.818,103867.15,17,2,1
57,59593.46400000001,218468.73,5,6,0
40,54550.404,72961.86,14,6,0
39,77974.72200000001,162435.12,11,4,1
48,78690.36600000001,127681.08,11,6,1
47,136709.91,76958.81,14,5,0
52,118354.78800000002,102076.34,16,3,0
37,47415.222,170874.02,8,4,1
32,119302.14600000001,106682.53,10,2,1
70,121839.06599999999,78662.36,11,4,1
42,126769.89600000001,155677.29,13,4,0
61,92864.088,205361.94,13,3,1
50,70536.996,157641.36,12,6,1
63,62371.170000000006,139579.72,15,3,0
60,116097.3,126285.96,16,9,1
43,47233.8,138477.43,13,7,1
70,68863.284,139379.99,15,4,1
62,142560.09,192397.24,10,3,0
27,144219.132,163017.09,14,4,1
49,129103.32600000002,123173.66,17,3,1
49,84887.28,174087.98,11,3,0
40,153478.764,50030.37,11,6,0
29,39507.696,67887.49,17,2,0
37,64510.164000000004,79329.85,13,4,0
59,95791.75200000001,102341.14,14,4,1
56,124524.71999999999,238563.52,12,3,1
34,53019.036,89960.52,11,4,0
49,134439.64200000002,247611.18,6,4,0
41,96090.516,74412.14,15,3,0
26,97734.33,64527.58,12,5,1
54,84647.034,184565.03,13,4,0
65,150359.43600000002,158585.58,10,2,0
66,75661.362,90176.78,12,4,1
40,48887.316,126387.9,12,4,1
47,118659.222,39875.71,16,5,0
55,129061.58400000002,169052.21,14,3,0
38,113685.12000000001,144273.35,7,3,0
38,27000.0,199716.8,13,6,1
41,124443.792,118318.7,10,4,1
60,88603.83,100495.33,15,3,1
48,67178.7,54680.34,9,5,1
65,130185.71999999999,64025.32,14,4,0
63,155055.04200000002,100346.28,13,7,1
70,67592.862,111795.61,14,6,0
70,104209.596,132985.32,7,5,1
52,75293.64000000001,78279.92,14,5,1
70,110057.652,31103.7,10,2,0
70,101837.53800000002,180576.45,15,2,0
70,130852.764,113156.98,13,2,0
47,89633.178,135905.03,17,5,1
70,52895.43,185844.93,14,3,0
36,122153.52600000001,174088.76,13,4,0
50,116278.362,5000.0,15,4,1
70,151346.358,45784.38,8,4,0
46,63918.594000000005,62987.23,11,4,1
27,108332.892,121292.23,20,7,1
50,169419.744,125122.73,10,4,1
28,99874.24200000001,223291.37,16,5,1
46,138040.416,196855.42,9,5,0
70,121258.314,194502.34,11,5,0
55,128601.07199999999,177684.99,9,4,0
57,81869.724,21102.37,13,4,1
56,66561.39000000001,169482.95,14,4,1
37,55261.979999999996,118335.41,11,5,0
29,77403.582,188386.33,10,5,1
61,124703.64000000001,165009.43,13,7,1
70,151231.032,39279.97,10,2,1
41,84939.57,174845.98,14,6,1
65,115864.38,108237.46,13,3,0
50,136321.02,128362.96,15,2,0
38,47570.04,130364.3,17,3,1
29,97362.39600000001,127192.46,11,4,0
62,151039.206,163954.95,12,3,1
47,122233.644,162974.77,8,4,1
70,108849.6,151741.4,12,5,1
66,117198.612,60299.54,18,4,1
50,103890.546,162687.12,18,4,1
29,151875.27,133636.74,15,5,1
36,123858.612,122689.32,12,6,1
33,100420.128,145245.83,12,2,0
55,147632.97600000002,31990.37,11,4,1
52,151471.998,95239.72,10,5,1
45,120640.12199999999,167791.28,10,2,0
36,128811.07800000001,204974.98,11,4,0
61,94942.206,74057.66,11,7,0
30,93158.748,161538.9,8,8,1
33,130137.48000000001,144025.17,13,3,1
34,141553.566,100433.49,21,5,0
66,61971.12,161955.52,13,3,0
68,114933.204,67632.77,20,3,1
36,91139.886,108145.63,14,7,1
61,81887.23800000001,110529.32,14,5,0
63,65951.496,35520.76,13,8,1
32,62585.874,151419.09,13,7,1
28,69247.44,33074.34,16,6,1
31,112585.194,104674.25,15,4,0
69,120384.23400000001,5000.0,14,2,1
30,135058.14,113154.18,9,3,0
32,85305.204,108762.54,13,7,0
56,66623.832,144326.08,7,2,1
62,97997.904,131425.56,19,5,0
67,200000.0,142405.88,14,4,1
50,92293.254,137432.9,15,4,0
58,67312.404,230725.05,13,4,1
40,52744.914,7456.66,15,4,0
59,113550.462,147186.86,18,3,1
56,154797.858,177191.15,9,7,0
56,94047.66,150965.3,15,3,0
70,163462.302,221323.14,7,4,1
40,83563.81199999999,175933.46,12,5,1
52,73239.228,160245.33,11,4,0
45,95497.65000000001,182404.67,9,8,1
70,150543.12600000002,62664.89,13,5,1
70,93209.202,59614.47,8,5,1
70,88508.214,197449.63,10,4,1
53,105649.542,116423.73,13,3,1
44,154310.094,5000.0,11,7,1
46,123678.93600000002,138856.16,11,6,0
66,118634.814,197987.43,9,4,1
34,43336.728,166143.77,16,7,0
64,97394.418,40342.15,7,3,1
40,120533.21999999999,138275.99,12,3,0
50,133671.348,235377.04,8,4,1
70,136074.798,225477.38,8,5,1
67,60014.628,160306.54,11,2,0
70,149383.098,118433.39,10,6,1
64,79413.426,104902.6,11,4,0
31,157001.094,109880.81,15,2,0
30,34388.424,83753.96,10,2,1
70,133851.58200000002,151157.57,11,5,0
70,113092.92,97157.02,10,4,0
58,189441.81,156599.26,9,6,0
48,106622.982,38996.15,10,3,1
48,27534.114,197543.59,20,5,1
70,128698.52399999999,127311.3,14,4,0
70,93130.93800000001,72606.78,11,5,0
70,83111.382,233951.29,12,4,1
40,160248.52800000002,181862.45,11,7,0
47,138452.202,67315.76,13,3,0
28,118622.43000000001,88790.08,7,4,1
36,114072.624,93702.86,13,5,1
66,127029.27600000001,170549.77,10,3,1
39,179241.138,9097.26,11,3,0
33,200000.0,156193.54,12,2,0
67,97381.836,55121.87,12,8,0
54,69544.458,87389.81,14,5,0
45,47117.304,102810.33,11,5,1
55,71503.092,95757.54,11,3,0
70,115116.39000000001,122965.44,12,2,0
31,67263.804,100542.53,19,3,1
44,105038.01,105994.01,3,5,1
39,99756.648,126003.57,5,4,0
34,181859.652,60125.59,11,2,0
35,108830.178,157297.21,11,5,1
68,127902.43800000001,97971.9,13,4,1
60,145128.006,59774.56,14,7,1
50,37363.806,95461.83,17,3,0
40,145669.608,59051.21,10,5,0
63,116850.078,153113.34,12,2,0
64,131753.502,45437.23,12,4,0
65,100098.162,159270.94,9,5,0
29,155603.808,142039.79,13,4,1
33,101012.454,182709.06,18,5,0
29,120847.608,55139.2,7,6,1
63,171282.312,264328.35,15,3,0
48,161298.37800000003,142470.69,7,5,0
28,64746.414000000004,120829.82,13,6,0
54,88231.356,114496.28,8,3,1
57,108675.28800000002,5000.0,13,5,0
40,99045.18,49047.52,10,4,1
70,110332.24200000001,221237.0,18,3,1
29,143264.646,150402.56,14,4,0
36,135476.622,79677.84,12,5,0
54,132444.702,231567.55,12,5,0
60,144891.702,91879.85,19,3,0
54,68110.632,40619.21,13,3,0
70,91666.422,76081.59,18,3,0
26,155272.968,86724.85,13,5,1
70,73832.74200000001,104411.23,11,5,1
54,62760.204,244696.07,7,2,1
32,92324.052,115875.57,17,7,1
28,66604.608,191744.11,17,4,0
55,93993.372,87078.3,13,4,0
60,152337.618,113950.85,13,5,1
32,112469.958,189595.45,10,3,0
68,109447.00200000001,52226.76,9,6,1
43,72536.328,105701.4,16,2,1
32,59697.324,153137.77,14,2,1
53,151917.606,84786.38,13,6,0
37,37380.24,174637.98,12,3,0
69,68447.142,84180.68,9,3,1
70,167977.674,5000.0,10,5,0
70,107509.392,165653.09,15,6,1
34,64571.111999999994,124419.9,16,2,1
49,155325.04200000002,199576.78,15,2,0
56,94979.088,200116.06,16,5,1
42,110629.13399999999,89991.57,9,3,0
55,148800.888,170898.44,20,2,0
38,88115.598,150067.55,11,4,1
56,38468.988,140666.53,11,4,1
33,110265.66,5000.0,8,4,1
70,161379.522,129495.54,9,5,0
59,123526.70999999999,115747.27,5,4,1
34,124607.358,25217.28,10,5,1
34,78605.316,213657.49,6,5,0
62,119322.108,107493.04,19,3,1
55,170231.00400000002,5000.0,11,2,0
32,155917.656,129632.54,10,3,1
44,104746.86,86932.91,15,4,1
69,151224.084,36989.76,12,3,0
29,99936.684,206945.76,13,4,0
31,163546.54200000002,21379.38,14,4,0
39,61039.296,124260.2,21,4,0
26,114284.862,133876.63,8,4,0
45,27000.0,176188.82,9,3,0
34,97498.926,255596.31,9,9,1
32,200000.0,57471.85,8,2,1
68,101042.658,134443.49,8,3,0
40,164783.808,148497.46,14,4,0
70,128827.008,204588.94,10,5,0
53,165632.07600000003,121722.06,12,5,1
65,91210.32,106306.09,17,4,1
55,91698.588,74469.23,13,3,0
47,105812.586,163357.32,7,3,1
30,112105.224,120495.99,19,2,0
42,110343.852,51121.65,10,5,0
33,127551.456,108380.37,12,5,0
61,79323.04800000001,193085.29,16,3,0
50,131795.856,60556.89,7,4,1
35,156841.758,83889.69,10,5,1
32,78084.162,63085.13,10,2,1
69,72397.98,216253.93,13,5,0
49,138742.218,52657.11,14,3,0
47,115291.224,121253.91,8,3,0
67,141250.068,31088.48,16,3,0
67,71133.57,84215.36,12,4,1
55,94370.13,160297.84,14,5,1
59,125649.612,302474.8,12,3,1
41,86011.668,166347.62,8,2,0
51,119430.648,51368.93,13,5,0
56,111556.998,117066.08,12,4,1
70,79781.796,52070.6,14,4,0
29,97340.724,64890.79,20,3,1
70,74600.982,86037.46,10,4,0
49,63964.368,184410.5,10,5,1
64,83926.18800000001,225683.76,9,3,0
64,164590.488,81867.38,10,4,1
63,106101.648,57362.64,20,4,1
37,120843.666,92471.28,13,3,0
53,87965.316,163655.53,9,6,1
70,92936.25,206925.27,15,3,1
70,109048.194,54941.4,12,5,1
59,41617.044,132662.09,5,3,0
28,53273.844000000005,93136.9,11,3,1
27,68337.81,99801.37,10,6,0
47,154397.952,68887.49,14,5,1
67,132318.50400000002,186269.25,6,3,1
45,61274.159999999996,161477.84,8,4,1
42,82239.858,153714.44,10,2,0
44,130918.76999999999,44916.03,6,3,0
61,96133.23,37640.81,14,3,1
70,172253.466,63164.19,7,5,1
70,124126.308,172765.94,13,4,0
38,97731.54000000001,88026.67,10,4,1
57,120503.952,154298.5,7,5,1
28,142937.22600000002,104502.93,16,5,1
37,121564.18800000001,76931.64,20,2,0
65,92649.29400000001,160874.26,11,5,1
53,147261.06,184487.84,10,2,1
27,147718.224,167834.43,15,3,0
70,117661.662,109072.07,15,3,0
42,147376.512,156379.79,9,3,1
49,147822.066,148694.47,16,3,0
56,136413.864,172455.98,9,5,1
29,61727.418000000005,212090.86,17,3,0
59,48712.265999999996,298266.28,14,5,1
70,115087.01400000001,128671.95,19,4,0
29,135639.288,108586.06,13,3,0
70,107696.322,226718.5,15,6,1
34,76079.898,73901.68,10,4,0
34,121874.85,164517.85,14,3,1
67,73571.61600000001,159050.81,10,6,1
32,81139.59000000001,125336.0,13,3,0
54,108929.952,103596.16,11,7,0
55,133778.016,97457.78,11,5,1
69,133887.258,26338.55,15,5,1
60,98992.872,40260.24,13,3,1
70,107882.496,163546.16,13,3,1
67,163170.108,164435.61,14,6,1
29,43189.596000000005,40201.57,18,4,0
56,118277.604,81429.24,8,3,1
70,131546.988,83520.16,12,3,0
28,144754.362,43390.05,6,4,1
40,112640.454,199311.2,12,3,1
52,95267.952,177035.93,8,5,0
70,162164.466,99481.56,12,4,1
67,99546.12000000001,61974.96,13,3,1
54,110750.202,70414.89,9,6,1
70,174931.02,167175.03,14,3,0
26,122401.008,138127.15,16,4,0
68,100986.12000000001,67583.34,13,4,0
55,90616.482,136510.83,9,2,0
43,139319.928,89674.97,16,3,0
36,33919.866,223197.2,10,5,1
58,89919.954,146987.38,13,2,1
34,109341.81,127494.06,12,5,1
69,116673.102,148833.09,11,9,1
54,34703.49600000001,81843.9,10,3,0
70,92586.888,124720.45,19,4,1
49,123901.704,96071.16,11,4,0
43,70678.494,125687.52,10,3,1
55,77786.01,59639.77,16,4,1
28,49521.546,87855.8,14,2,0
70,153362.07,78216.88,9,4,1
58,157293.918,162507.6,10,3,0
69,157129.59600000002,117725.75,14,4,1
43,83238.04800000001,86785.55,13,4,1
68,111075.642,5000.0,19,4,1
36,128780.96399999999,5000.0,8,5,0
34,157940.98200000002,203403.39,8,4,1
40,77410.476,130849.05,10,7,1
30,143581.428,42179.65,11,3,1
49,124545.366,163748.23,11,2,1
70,143718.858,44712.09,11,5,1
30,140472.612,55356.61,8,3,0
52,92046.33,87086.18,12,6,1
36,123461.892,36646.06,14,3,1
65,92327.31,113549.29,9,5,0
32,58527.324,79945.32,20,4,1
39,117284.922,62772.09,14,4,1
57,48082.986000000004,156278.52,14,5,1
53,162514.71,38771.57,10,3,1
26,135946.18800000002,100459.61,5,5,1
70,95109.804,58987.39,14,4,1
39,130901.634,147893.45,11,3,0
48,97198.81199999999,144808.43,8,3,1
33,116141.832,160106.44,10,4,1
27,72528.84000000001,106896.85,8,3,0
30,146192.724,137485.78,6,8,1
70,66867.462,140342.07,10,3,0
68,79486.524,44168.14,12,3,0
35,200000.0,111351.78,8,3,0
31,136148.274,150294.87,10,4,0
60,81130.03199999999,5000.0,9,3,1
70,137843.98200000002,110111.72,8,3,0
44,63072.54000000001,146058.07,9,3,1
40,105131.754,5000.0,12,6,1
70,77505.19200000001,138212.71,16,6,0
49,85144.96800000001,73853.91,15,5,1
70,109070.694,262933.71,14,4,0
45,130010.04000000001,45085.94,10,9,1
53,146703.546,5000.0,16,3,1
70,101872.98,169741.82,12,2,0
70,47212.83,102081.46,19,3,0
70,119553.282,123619.79,10,5,1
65,114311.7,14168.09,11,3,0
48,157168.566,120578.13,10,4,0
35,122711.31,5000.0,13,6,1
35,180052.362,152592.9,7,3,0
58,149140.31399999998,154535.4,9,3,1
57,102688.614,71018.99,16,5,1
26,127761.08400000002,50646.92,15,2,1
62,110771.06400000001,199187.3,10,4,0
56,180018.9,164454.18,13,4,1
45,73960.47,186348.37,21,3,0
56,103537.26,82300.72,14,3,1
38,133856.64,145260.59,12,2,0
60,70902.45,170683.23,12,3,0
70,144586.566,42798.47,12,3,0
68,51803.928,144152.42,8,4,1
54,152515.656,101828.38,14,3,1
63,123428.862,127807.6,7,7,1
41,103463.982,191329.53,16,3,1
43,109119.996,106309.3,14,3,0
42,66520.944,125417.24,12,4,1
70,142358.562,146603.55,12,3,0
63,138594.15,143016.44,9,4,1
52,68347.26,137627.19,11,3,0
59,123433.758,204685.76,13,3,1
44,106722.576,205955.55,10,3,0
65,109512.99,65572.91,9,3,0
27,64555.86600000001,171622.31,17,6,1
40,174593.62800000003,46565.39,14,4,1
56,148635.37800000003,156825.38,4,3,1
44,90828.01800000001,68520.48,11,3,1
48,112551.336,198973.26,12,4,0
39,179208.774,58724.4,9,4,0
70,110950.21800000001,151621.25,20,2,0
48,106430.976,91659.97,12,5,0
70,128036.01599999999,67766.82,16,5,1
60,136422.37800000003,154249.2,18,3,1
34,107354.16,80092.06,13,5,1
59,113611.44600000001,200237.7,14,6,0
63,147609.324,67751.66,6,3,0
41,92614.374,290692.46,9,6,0
68,87527.898,157299.72,8,4,0
56,110051.874,165422.44,11,6,0
70,36141.822,209647.47,12,2,0
68,69237.0,91195.42,9,2,0
26,121693.42800000001,125239.93,14,2,0
67,77000.976,181009.79,15,4,1
56,117468.432,136587.12,14,4,0
37,95698.638,273300.41,9,4,1
70,105782.058,98232.89,8,4,1
27,50402.142,180676.82,8,4,0
70,48617.928,128538.65,13,3,0
33,46383.714,68493.5,13,6,1
56,149938.38,79798.76,11,8,1
56,92384.136,52043.76,17,2,0
61,112978.11600000001,93816.89,19,4,1
28,133636.05000000002,76839.98,12,3,0
61,137463.30000000002,133142.68,8,6,1
29,84103.14600000001,173538.34,9,6,0
56,46758.060000000005,32253.12,11,6,1
69,79592.796,65105.53,12,3,1
40,97464.24,18261.45,16,3,0
45,89448.642,97610.16,14,2,0
54,100227.33,136553.06,13,6,1
49,34410.204,71001.76,17,4,0
36,80163.054,19426.3,9,3,0
28,61410.528,130931.13,14,6,1
50,142853.58000000002,129926.18,12,4,0
35,68264.892,5000.0,13,3,1
46,37031.094000000005,47402.77,15,5,1
28,117860.58,201448.27,16,3,0
53,152507.682,147681.24,12,2,1
68,137011.014,87383.86,8,3,0
26,134027.712,59701.5,15,4,0
37,126924.75,16545.44,21,6,0
36,107565.786,53590.61,13,3,0
69,100902.132,68802.51,11,5,1
29,67103.982,146715.11,14,3,0
53,116887.554,87776.11,10,8,1
52,146567.466,105381.36,11,3,0
68,140641.88400000002,235236.31,9,3,0
58,60993.9,144219.59,6,3,0
38,146335.33800000002,69540.67,18,4,1
58,98942.256,177227.04,14,4,0
45,122498.64000000001,151940.62,11,2,0
70,133205.364,166213.82,18,2,0
56,72839.64600000001,101124.87,14,4,0
59,97894.656,154637.14,16,6,1
40,128269.02600000001,109263.57,10,3,1
70,69358.77,56082.71,15,5,0
39,86245.632,164130.8,9,5,0
70,116853.084,63154.2,11,4,0
70,35254.08,168826.14,13,7,1
31,46895.472,122403.55,10,4,1
27,84715.164,44917.94,9,2,0
31,53502.24600000001,214165.2,13,4,0
51,78074.29800000001,69369.9,12,4,1
58,150481.71,59506.43,12,4,0
64,118560.762,47962.54,9,4,0
43,137020.698,142145.83,11,4,0
43,66846.978,71191.28,10,4,1
64,133457.166,212220.12,10,4,0
70,100038.348,84090.09,11,4,0
41,149441.14800000002,87684.4,11,3,0
48,85408.34400000001,147023.25,12,3,0
60,116850.474,148925.59,11,4,0
70,122653.782,134001.28,14,2,0
49,171789.75,206072.41,13,8,0
70,124438.968,75299.79,10,3,1
49,75112.38,69721.54,8,3,0
62,114773.958,155348.38,8,3,0
26,174888.432,119863.27,10,5,1
70,80447.904,252278.94,11,4,0
31,51407.226,127193.36,16,3,0
52,84208.158,176189.96,16,3,0
57,137232.198,55992.37,16,4,0
68,45436.32000000001,76648.32,12,2,1
32,67859.028,158217.28,9,4,1
44,188424.612,159593.38,12,6,1
70,95277.528,90327.82,19,4,0
38,97512.012,134787.05,12,3,0
67,113917.626,60269.54,13,6,0
36,112269.43800000001,64961.25,13,2,1
33,81526.14000000001,221635.33,7,7,1
43,95300.51400000001,193216.4,14,5,1
35,45746.586,140281.91,8,4,0
47,123305.77800000002,67065.49,17,2,1
59,112032.32400000001,59390.18,15,4,1
70,181926.558,200621.09,15,5,0
50,80143.72200000001,131651.61,12,3,1
52,87284.98800000001,167589.96,6,3,0
70,80603.928,104578.24,7,4,1
70,94010.54400000001,191563.58,10,5,0
54,128452.374,103988.85,14,5,0
66,142675.794,111001.87,11,4,0
27,91231.93800000001,175355.21,9,7,1
37,101013.066,165443.37,14,5,0
46,80768.952,5000.0,16,6,1
51,139652.298,14276.92,15,4,0
57,67342.284,145238.48,11,4,0
61,76925.376,170381.51,9,4,0
57,101742.804,220683.79,10,4,1
36,108285.948,128388.73,15,2,0
55,57757.32000000001,45952.86,4,6,1
51,84515.202,85506.61,11,4,1
45,95251.14000000001,141935.8,15,5,1
34,124452.666,128152.86,24,5,0
37,79619.598,144087.27,7,3,0
68,81368.748,224696.44,11,8,1
33,172413.81,5000.0,13,4,1
50,139345.74000000002,163821.81,13,7,1
30,179338.986,219774.42,9,3,0
39,166815.93600000002,99525.13,8,3,0
70,128611.404,162342.96,19,3,1
27,140183.586,146355.23,11,5,0
70,41511.078,97339.61,16,10,1
56,60653.79000000001,28738.55,11,4,1
27,93316.338,115600.93,15,4,0
70,136090.998,200843.96,15,6,0
45,109364.40000000001,184051.06,11,8,1
68,82259.712,162078.21,10,3,1
61,60757.86600000001,46483.09,11,4,0
70,152508.78000000003,189414.97,9,5,1
41,64821.672000000006,97076.05,9,4,0
51,110251.13399999999,93638.53,15,4,1
70,107220.888,101099.51,14,4,1
39,93140.334,163469.18,9,3,1
35,109548.97200000001,37917.66,13,4,0
68,112566.6,101223.13,18,5,0
70,161211.24000000002,117274.31,10,2,0
70,71262.54000000001,121206.54,12,3,0
70,93933.684,147959.13,12,4,0
34,67627.476,55132.44,9,2,0
63,153032.742,35466.91,10,5,1
65,131769.99000000002,111113.0,11,2,0
45,114641.766,76912.27,9,2,0
70,110154.006,128337.3,7,5,1
32,97928.748,172768.84,11,4,1
53,119937.762,99314.39,13,6,1
70,137837.14200000002,190285.24,20,5,1
55,132698.52,44193.82,15,4,1
70,107092.404,158146.1,14,6,1
46,138364.2,137137.57,11,5,0
47,104759.766,139591.88,17,5,0
70,27000.0,112520.57,11,2,0
44,147244.122,24843.22,12,3,1
58,91220.256,54502.54,18,3,1
54,86547.726,71343.09,12,2,1
57,125996.54400000001,102935.63,8,6,0
52,105469.974,100940.18,11,5,1
54,94784.724,178949.52,11,3,1
45,102801.43800000001,46297.38,17,5,1
50,130800.402,122159.78,14,5,0
61,109239.714,65507.7,9,3,0
26,102461.976,74968.52,16,4,0
26,66134.106,87145.85,16,4,0
35,142404.21,140804.31,10,6,1
39,65292.731999999996,38692.54,10,6,1
43,80527.536,93550.29,13,4,0
70,122668.29000000001,90520.85,14,4,1
47,92445.948,80816.19,12,2,1
70,120520.206,12876.53,12,2,1
58,65187.414000000004,142889.61,10,6,0
28,101511.0,83700.27,12,4,1
57,132184.13400000002,48469.42,20,4,1
44,150709.608,19385.15,16,7,1
70,95848.99200000001,164010.09,10,2,0
57,115011.126,51998.45,11,2,1
33,122620.08600000001,95632.39,13,5,1
45,183484.386,122568.52,12,5,1
52,71960.184,112828.0,8,6,1
70,164692.638,141804.26,11,5,1
55,75435.138,51104.32,18,4,0
43,118395.63000000002,226352.92,16,3,0
62,146813.526,81740.97,20,5,0
39,61977.312,151660.3,13,4,0
38,127679.54400000001,107961.11,13,4,1
26,48897.072,187578.97,15,5,1
52,130235.88600000001,133691.62,17,6,0
70,113518.368,130812.77,12,5,0
34,173837.07,35694.84,9,4,1
42,119277.18000000001,183354.66,12,7,1
57,126969.82199999999,178681.33,10,2,1
70,99642.87000000001,109440.17,11,5,0
58,149305.68000000002,135740.71,13,4,0
29,86722.29000000001,100461.53,9,5,1
70,73465.524,194988.42,11,4,1
45,106634.98800000001,49840.76,12,3,0
59,129530.64600000001,77646.49,8,4,0
32,128487.744,157301.26,13,4,0
32,105345.0,174455.36,6,2,1
55,93472.056,109100.56,13,2,0
52,54138.114,121844.05,9,4,1
27,57007.602,113596.32,10,5,1
62,104147.748,132756.75,9,4,1
29,131306.274,117511.95,11,4,0
62,162405.252,43596.63,11,4,1
66,146742.66,32609.26,12,4,1
70,135229.37399999998,97836.92,18,3,0
59,97146.558,103841.79,12,2,0
49,61454.861999999994,110895.66,12,2,1
39,100469.556,77560.58,7,5,0
52,86754.168,101529.8,9,4,1
55,89880.66,92376.41,14,3,1
64,132048.252,64593.36,18,5,1
61,91466.28,289403.2,7,2,1
37,94867.92,107543.0,11,4,0
34,113227.704,116353.81,12,5,1
53,119949.444,149683.14,9,3,0
36,116558.82,92278.08,7,3,1
54,150288.948,113927.79,11,4,0
59,57238.938,105408.1,12,9,1
70,169422.552,133382.7,18,3,0
68,95616.378,176049.23,15,5,0
44,72306.25200000001,92034.9,12,6,1
54,149287.014,73180.9,12,2,0
30,33063.102,147479.8,18,5,1
34,116726.184,96825.72,14,5,0
36,32077.098,153050.25,13,4,0
39,147654.57600000003,116515.05,4,2,0
64,85257.54000000001,132821.32,15,4,0
56,200000.0,194099.59,7,2,1
35,66812.328,5000.0,12,2,0
27,167162.454,77517.19,8,4,0
40,100558.98,69075.92,13,5,1
31,103738.212,237774.91,15,4,0
70,86109.102,187341.35,8,4,0
59,83669.436,239524.2,15,5,1
52,94534.65000000001,72391.87,11,2,0
39,159634.386,154720.2,13,3,0
38,134727.76799999998,5000.0,17,4,1
42,131733.054,119469.49,9,4,0
43,70358.022,64186.6,13,4,1
58,112518.684,125696.44,12,6,1
28,133688.916,202263.91,8,5,0
45,66574.962,63128.43,9,2,0
69,136479.888,62042.02,15,4,0
55,154197.79200000002,55566.49,14,4,1
37,118757.862,136058.63,13,4,1
29,111528.36,14905.93,16,4,0
33,127159.93800000001,121214.48,13,4,0
27,81008.406,145443.82,20,4,1
61,146413.962,99120.2,12,5,1
57,176723.172,53421.17,11,3,0
55,103942.008,85775.4,16,3,1
65,117560.53800000002,65406.25,11,2,0
36,93299.68800000001,232929.76,11,3,1
49,92925.054,30808.57,8,7,0
48,89484.04800000001,155572.17,9,9,1
70,78365.754,46797.91,12,6,0
70,145625.58000000002,66828.33,15,4,1
70,97221.078,95184.71,11,4,0
53,103102.902,144665.74,15,3,1
44,112079.358,157715.85,11,7,0
43,72232.164,38689.88,18,3,1
48,144279.288,95678.82,11,5,1
53,139342.176,132119.26,10,4,1
27,157785.804,133543.84,16,3,1
42,56369.844000000005,134008.0,11,7,1
64,116365.302,233112.3,13,7,1
28,156354.76799999998,138207.24,10,2,1
41,47843.136,59856.58,15,4,0
32,88952.112,95021.76,12,2,0
50,65099.322,62984.76,14,2,1
65,110513.088,191696.35,13,6,1
43,121111.56,120086.22,12,8,1
46,115126.79400000001,115303.48,10,4,1
38,92818.476,70636.99,12,5,0
59,125167.57199999999,87370.25,13,3,0
26,74278.368,36628.14,8,2,1
70,148921.91999999998,90778.98,13,4,1
27,106414.07400000001,74134.34,9,2,1
54,37938.186,172100.95,9,4,0
28,102284.316,156341.56,17,5,1
30,122926.104,142957.56,9,2,1
56,27000.0,241564.71,8,7,1
67,199020.456,66276.54,9,3,0
70,84990.29400000001,125106.59,18,6,0
57,39701.574,154660.53,11,4,1
46,148258.27800000002,124386.74,12,3,0
62,166087.764,159359.64,12,4,1
67,146859.318,36068.94,5,4,1
27,118492.14600000001,105385.83,10,4,1
26,101958.624,42087.8,14,4,0
70,174862.44,127040.34,16,2,1
61,135907.39800000002,180762.46,6,6,0
66,44353.332,119316.55,13,3,1
60,148206.52800000002,90752.68,9,5,0
37,152396.568,55200.82,5,3,1
53,43921.655999999995,107925.0,10,4,0
54,49028.346000000005,182398.27,4,4,0
27,154816.848,70551.17,16,4,1
40,105601.392,53547.31,10,6,1
40,86330.84400000001,135415.92,10,4,1
44,89655.822,96594.52,9,5,1
44,147927.69,134011.76,15,3,0
70,97129.224,118356.95,9,4,0
69,67086.09000000001,115680.94,3,5,1
45,128806.32600000002,65823.14,9,3,1
35,101841.66,60523.18,6,5,0
70,111629.322,83005.09,11,3,1
43,112108.01400000001,233487.05,8,2,0
52,34012.296,70932.15,11,3,1
49,108006.48,55867.59,11,4,1
54,104713.308,187932.95,15,6,1
29,118628.406,176038.1,6,3,0
34,118538.58600000001,157711.4,17,5,0
47,117026.44200000001,94839.13,9,4,1
70,109885.41,192424.28,10,3,1
70,135894.672,111015.9,22,5,0
69,111680.658,114255.5,19,5,1
26,164636.946,206289.25,11,4,1
69,91144.224,211670.25,7,3,1
67,89760.114,112331.67,17,4,0
59,169574.958,213831.67,7,4,1
34,119176.236,107540.14,5,5,0
44,103055.598,102241.49,13,2,1
65,56961.612,10563.07,11,4,0
36,121978.58400000002,166742.29,14,3,0
64,54046.242,199881.67,8,5,0
40,82493.94600000001,14818.85,13,4,1
48,98279.388,66594.05,11,2,0
70,152857.13400000002,138768.3,12,5,1
60,141205.932,153447.15,9,3,1
67,118219.59000000001,227480.18,15,2,0
61,129040.00200000001,110668.74,10,8,0
49,101838.06,151961.93,5,5,1
26,134145.558,228408.45,12,7,1
65,106496.19,172256.63,11,3,1
69,127707.012,103374.47,8,2,1
37,127660.392,59606.55,7,6,1
58,29228.364,149015.37,22,5,1
68,46144.836,52600.23,11,5,1
66,27000.0,136336.29,8,6,1
56,27000.0,97840.92,10,5,1
31,89663.292,83845.96,11,3,1
70,99976.338,121197.46,7,5,1
53,146602.47600000002,126938.26,8,3,0
55,186606.774,29268.87,9,2,0
70,90430.65000000001,136314.71,15,6,0
68,153969.534,5000.0,15,3,0
52,158555.466,180136.47,12,5,1
49,130721.74200000001,5000.0,10,5,1
29,40105.584,163013.02,11,3,0
70,64987.956,51698.87,21,4,1
50,69718.51800000001,10099.57,11,2,0
58,121567.91399999999,45664.67,20,2,0
37,158300.748,192801.09,19,2,0
52,64234.314000000006,111820.04,13,7,1
34,84181.89600000001,97930.59,12,4,1
29,104195.124,185306.48,11,4,1
62,122242.374,185732.66,11,3,0
70,78642.684,308607.48,11,3,0
70,150626.682,81546.2,12,2,0
30,124146.39600000001,278707.26,15,4,1
70,152749.998,223299.74,16,3,0
47,72591.876,140259.5,16,4,1
64,139049.766,196309.69,11,4,1
58,66872.772,30190.03,9,3,1
29,135522.612,80400.06,15,2,1
44,127045.70999999999,200971.18,9,2,1
49,136701.756,111511.49,11,3,1
34,138244.95,65837.16,12,4,1
57,132898.572,160992.94,7,3,0
61,94415.04000000001,191074.47,9,3,0
70,175821.57,156628.78,11,2,0
57,48028.896,248138.41,16,4,0
51,156357.666,93138.17,13,3,0
63,114768.774,88527.79,13,4,1
68,96046.92,130939.31,6,4,0
68,68303.84400000001,5000.0,15,4,0
40,88820.208,109676.76,11,4,1
40,88336.89000000001,83989.58,17,7,0
49,27000.0,100099.81,12,2,0
58,120821.022,177877.84,8,2,1
63,47718.270000000004,133635.87,11,4,1
70,75875.778,138261.29,7,3,1
32,48505.356,91631.95,4,3,0
49,182342.664,67318.35,9,4,1
42,108313.362,50910.1,17,2,1
66,126261.91799999999,33689.37,13,6,1
58,112856.886,296597.49,14,4,1
49,113479.02,154239.36,11,6,1
30,104713.74,141923.1,10,2,1
57,75069.36,137851.54,12,5,1
70,169533.18000000002,160568.87,20,6,1
46,132026.328,213636.84,13,4,0
41,65081.39400000001,208774.0,10,4,1
60,121704.156,89082.14,15,4,0
67,82356.912,135289.57,10,3,0
63,60159.240000000005,143066.25,11,4,1
34,50421.348000000005,81581.14,18,3,0
48,91514.64600000001,73082.67,11,5,1
43,51673.878,8076.18,11,5,1
70,75214.24200000001,282817.91,10,4,0
41,101478.834,149400.64,14,8,1
51,56609.676,7893.65,6,6,1
57,92091.978,147754.31,14,5,1
36,73767.132,5000.0,10,3,0
70,165933.18000000002,24183.48,13,4,1
52,101981.826,124290.24,11,4,1
33,158239.494,52527.28,10,7,1
43,146995.758,77594.29,17,4,0
67,140972.14800000002,154909.77,14,2,1
70,85398.28199999999,168091.85,8,5,1
41,98156.592,60248.35,7,4,0
63,151508.34,156893.98,10,4,0
70,142712.334,93985.99,14,3,0
39,73405.18800000001,83925.46,13,3,1
26,27000.0,169344.85,14,5,1
38,110236.176,133543.54,13,5,1
47,82223.82,112476.31,18,5,0
42,118676.25,115875.54,12,4,0
27,142952.112,137771.16,8,6,1
55,133580.934,150790.33,12,6,0
31,92958.948,167764.33,13,4,1
62,30945.222,51662.52,14,4,1
70,148860.774,151749.44,18,4,1
69,128646.12600000002,184662.17,8,4,1
52,90883.566,161622.12,10,3,1
70,111956.47200000001,25381.44,7,3,0
68,109409.274,131951.73,15,2,1
31,102999.528,90957.07,11,3,1
37,102391.92,117703.36,11,3,0
29,117269.29800000001,5000.0,18,3,0
65,89568.18,180784.15,15,3,0
64,103490.64000000001,131116.8,6,3,0
36,113864.76,41032.08,7,4,0
30,74068.00200000001,192776.79,18,4,1
49,84200.004,119018.8,22,4,0
37,55684.152,125845.55,14,3,0
51,160023.456,206307.6,8,4,1
70,92158.86600000001,146441.9,6,4,1
28,169531.29,194123.94,5,3,0
55,52062.75,129635.39,13,5,0
40,142230.024,75920.79,16,4,1
27,150907.37399999998,101967.63,19,4,0
56,131878.818,59053.26,8,2,0
27,134625.96,102172.05,14,6,1
70,169798.39200000002,67385.23,10,3,0
67,175650.606,56005.31,20,6,1
38,68573.84400000001,136951.45,16,5,1
52,40029.57000000001,132652.4,13,5,0
38,38835.882000000005,89455.15,19,4,0
68,90226.026,186922.17,8,5,1
67,84301.07400000001,68433.8,14,3,0
35,89631.846,175741.99,10,2,0
59,87963.822,20270.37,14,4,1
70,109038.95999999999,148309.53,15,5,1
36,105572.898,75527.92,13,3,0
35,124565.68800000001,99265.95,15,3,1
51,62007.372,168537.37,19,5,1
70,101148.20999999999,55036.16,10,6,1
28,123812.17199999999,220805.83,8,4,1
63,173033.712,136043.09,9,3,0
48,127742.112,170195.35,22,7,0
64,96419.034,75278.18,13,5,1
39,125620.66799999999,179590.37,12,3,1
64,139943.12399999998,61559.14,13,7,1
32,114470.262,17887.3,12,4,1
55,102077.694,58630.74,8,2,0
42,89096.382,147145.51,11,3,1
43,60540.048,5000.0,11,3,0
70,122190.282,72308.25,7,3,1
46,61525.278,200283.28,16,3,0
59,114522.354,55065.23,11,5,1
69,73909.998,42298.31,16,3,0
41,82288.962,208633.06,9,3,1
52,118266.17399999998,213819.92,17,5,1
26,132265.62,164127.07,11,2,0
51,113520.29400000001,90887.99,11,3,0
36,100827.414,205015.37,13,3,0
39,112647.654,183420.08,16,3,0
38,155720.412,168072.08,15,2,0
40,66462.156,190145.99,6,2,1
54,177010.29,171917.28,10,2,0
70,150142.62600000002,105832.71,14,4,0
64,104849.784,61976.58,9,4,0
64,152374.23,184121.49,12,5,1
47,113278.68,159305.66,16,3,0
44,111933.32400000001,46979.29,4,8,0
70,157512.24000000002,167184.41,12,4,1
70,140069.322,117905.3,12,4,1
43,56818.008,47689.76,7,5,0
70,103468.536,182303.28,14,2,0
70,139340.75400000002,169871.84,11,3,1
70,41570.622,97804.6,12,5,1
57,98671.176,124652.05,18,6,1
69,27000.0,96078.72,9,6,1
38,158657.13,58796.07,19,3,0
66,112778.352,79562.09,14,4,1
70,125639.08200000001,192293.39,16,2,1
50,127993.032,174433.3,8,7,0
30,134055.18000000002,167255.55,14,3,1
64,62749.08,140764.38,7,7,1
46,143874.63,96882.34,16,7,0
69,79224.57,154473.91,10,2,1
70,97818.102,131346.84,7,5,1
40,180664.12800000003,78920.1,16,2,1
68,76783.194,96099.27,9,2,1
42,126579.92399999998,54757.85,15,3,1
57,145426.896,125923.37,13,2,0
65,75713.958,86644.49,14,5,0
31,111754.70999999999,158853.34,13,4,0
70,107042.994,201187.82,11,4,1
48,122000.76,50812.17,19,3,1
62,148636.548,165989.43,9,3,0
26,131554.35,137093.1,7,3,0
44,128817.12600000002,135785.84,15,5,1
66,40223.484000000004,52718.05,11,6,1
70,104574.78,58364.92,13,3,1
39,151526.12399999998,139733.6,10,3,1
45,99871.686,131776.5,11,3,0
48,102260.53800000002,186643.28,16,3,0
30,131662.638,115838.23,15,3,0
48,102594.56400000001,104687.79,14,5,0
70,103801.05,106684.89,10,5,1
31,115972.182,236953.54,9,4,0
63,61239.11400000001,199704.48,9,3,0
29,115756.578,231508.38,16,3,0
37,47117.862,167236.05,11,7,0
66,87454.854,217362.31,13,2,0
49,44857.278,66260.61,14,4,1
49,70082.622,5000.0,10,4,1
45,75625.686,188614.94,13,3,0
31,145045.13400000002,5000.0,17,3,0
52,141505.668,135703.72,9,7,1
56,98948.862,174430.13,10,2,0
70,93602.73599999999,203683.2,14,3,0
32,132239.82600000003,66848.58,20,3,0
27,52074.414,78263.32,15,4,1
51,125039.21399999999,143004.12,16,6,1
33,85545.792,168285.35,13,5,1
53,143321.29200000002,44773.09,12,6,1
70,133652.448,147736.66,11,5,0
62,94460.886,57828.91,17,3,0
70,115529.68800000001,149443.67,11,3,0
58,87112.008,103794.11,9,5,1
70,41134.212,122204.52,15,7,1
60,178884.918,145780.06,9,5,1
41,136584.45,107159.96,15,4,0
27,129463.32600000002,151874.22,6,2,1
36,90224.082,80050.89,11,3,1
38,92877.516,106509.48,9,4,0
34,73015.578,46601.56,8,4,1
64,153374.76,132272.18,11,4,0
67,68786.244,63426.98,15,5,1
46,91869.372,114653.16,8,5,0
62,85080.132,140047.77,11,4,1
44,40901.328,77614.89,15,7,1
52,59535.126000000004,170769.93,12,2,1
64,183330.72,114003.7,17,4,0
33,133536.22199999998,213768.01,17,4,0
70,73692.702,104581.44,10,5,1
46,83629.602,145294.71,17,3,0
42,168366.348,85280.59,9,7,1
53,109342.908,143203.13,13,4,0
66,58070.736000000004,219916.68,9,5,1
44,56224.78200000001,111158.56,10,4,1
61,153518.81399999998,5000.0,8,6,1
33,124448.04000000001,99631.14,17,6,0
40,160125.912,72504.67,9,2,0
63,97734.654,101776.3,9,2,1
54,53385.354,282338.38,16,5,1
38,92896.776,127950.22,13,3,0
53,132615.0,129815.85,7,5,1
70,150662.394,145230.12,17,4,0
53,148579.65,29143.42,12,4,1
70,141285.636,5000.0,12,3,0
30,69460.02,97642.45,8,3,1
70,144127.728,72284.34,11,3,0
40,107952.462,87097.61,10,3,0
33,98881.29000000001,139156.97,12,5,1
70,100058.904,51298.5,9,5,1
32,157916.88,142263.21,14,5,1
28,162096.318,78495.6,12,3,1
37,111749.40000000001,106216.92,6,2,1
59,147123.666,114199.8,13,3,0
44,50345.19,51433.73,13,5,1
69,104557.932,162745.85,8,4,0
27,28374.660000000003,162935.89,14,3,0
34,121888.58400000002,170648.95,11,5,0
43,146758.73400000003,97577.38,18,3,0
62,147143.448,85012.91,10,6,1
35,140044.104,115893.99,10,5,1
38,142928.22600000002,79319.77,16,4,0
60,51950.664,123785.54,15,4,1
34,92068.72200000001,139231.35,13,2,0
59,164735.784,107786.15,7,2,0
31,94364.73,27455.04,16,4,1
26,88843.302,74381.75,9,5,0
54,144009.03600000002,181074.36,21,3,1
26,143505.93600000002,74690.73,6,5,0
30,103630.482,157819.97,8,5,1
31,93834.684,121707.64,14,3,0
63,120822.73200000002,124835.51,16,6,0
70,140752.33200000002,109349.98,14,2,0
36,78853.392,245834.44,8,2,1
57,166034.358,104079.83,11,2,0
57,99395.55,35484.59,12,5,1
30,86456.304,243820.84,9,4,1
68,128916.41399999999,9277.8,10,7,0
63,46630.008,79209.38,16,5,1
70,142374.798,137341.92,10,3,0
67,165252.87,145996.47,9,7,1
65,129574.47600000001,86992.46,9,5,1
62,96065.352,190145.38,13,5,0
58,104005.35,124558.72,11,2,1
33,58540.284,13436.1,7,3,1
51,95994.558,119010.66,15,6,1
39,126567.792,9951.03,14,2,1
32,142534.13400000002,187518.83,14,5,1
54,101802.6,85066.38,11,3,1
31,132932.89800000002,89033.67,9,5,0
67,139628.52,165200.73,10,6,1
32,139297.968,151550.75,13,5,0
54,80489.862,144948.56,13,2,0
40,112926.114,173913.04,14,3,1
36,85930.128,134039.21,13,3,0
52,102397.842,62451.26,12,4,1
41,103148.334,179577.69,12,3,1
34,117732.95999999999,90631.09,14,4,1
69,172008.27,152755.27,9,3,0
37,52235.946,179536.41,12,7,1
39,114131.394,166868.06,19,3,0
63,113751.504,204901.89,11,4,0
57,85265.496,131419.18,9,4,0
37,92155.68,192833.22,15,2,0
66,99321.642,97337.58,17,4,1
59,121709.93400000001,29980.24,12,2,0
34,100951.182,50961.22,12,4,0
70,95675.706,192653.34,10,3,1
51,124892.208,99404.06,16,5,1
65,84853.584,117210.04,14,2,1
50,71242.506,117328.54,10,2,0
35,103865.922,227308.41,16,3,1
57,86990.22,226675.96,9,4,0
70,95860.746,119926.81,17,8,0
29,105889.14000000001,70483.84,20,2,0
31,78810.26400000001,105787.11,14,4,1
50,127564.93800000001,70539.95,19,5,0
50,98707.14000000001,159055.16,11,5,1
46,132055.002,181733.49,8,6,1
56,147485.48400000003,102735.41,11,3,1
34,129005.45999999999,106968.73,14,3,1
30,118741.17600000002,242963.67,13,2,0
60,122443.866,88808.26,16,2,0
66,126969.73200000002,219510.0,11,5,0
40,125934.912,195089.6,10,3,0
26,100038.024,171210.95,11,2,0
28,79743.94200000001,98863.19,17,3,0
36,109956.474,98189.57,15,2,0
69,155285.424,215387.82,8,4,0
41,163333.908,191423.11,14,4,0
43,139018.77,170480.71,13,4,0
70,143247.38400000002,64183.06,11,4,1
48,74584.494,151822.29,11,3,1
44,112906.76400000001,82062.14,10,2,0
47,37018.71,8276.29,14,4,0
68,53834.166,59257.58,6,5,0
62,200000.0,199401.64,9,3,0
27,128084.904,71500.3,15,6,0
70,116609.148,169771.25,19,4,1
59,79697.592,178951.34,6,2,0
44,147100.176,122801.48,12,3,1
26,128865.15000000001,141719.76,16,3,1
68,123732.43200000002,103871.91,11,6,1
68,56060.712,108852.88,10,2,0
45,88031.304,138869.04,10,5,0
50,151184.14200000002,79439.84,9,5,1
40,101041.86600000001,87758.51,13,4,1
51,164354.382,40583.11,12,4,1
54,98786.358,173583.87,14,2,0
46,114683.04000000001,110162.74,7,3,1
66,103419.342,211513.47,15,4,0
39,173885.022,125195.77,12,6,0
42,64555.074,171180.77,11,3,0
69,155484.072,135123.48,10,3,1
28,154223.298,137864.16,20,3,0
69,105974.856,85582.05,13,2,0
43,157154.85,167125.57,13,2,0
45,124481.556,172789.7,17,9,1
70,75145.374,53937.99,13,3,0
67,76552.776,171746.1,10,3,0
70,67889.73599999999,6969.78,13,5,0
28,83906.802,94239.47,12,5,0
46,162391.446,125364.7,7,4,0
43,48843.774000000005,48997.47,9,6,0
35,63792.86400000001,96533.01,5,5,0
30,68168.484,143677.38,11,7,1
65,110918.84400000001,52045.98,10,3,0
65,147234.168,104934.7,16,3,0
41,125544.006,36991.02,13,6,0
60,143289.684,123677.61,12,4,1
38,80120.682,166608.3,13,3,0
55,103269.744,104932.12,13,3,0
66,123351.73200000002,118990.83,12,7,0
57,95030.244,44241.43,13,3,1
59,95489.028,182437.85,8,3,1
47,141823.53000000003,81228.13,13,5,0
50,80899.056,215661.33,16,3,0
41,108509.976,81504.86,13,5,1
65,56042.729999999996,34651.08,15,4,1
38,27000.0,179751.04,12,4,0
47,132653.466,124389.35,14,2,0
70,91469.952,89954.89,10,4,1
69,144051.102,219064.95,19,4,0
27,115490.448,5000.0,16,3,0
53,120831.93000000001,65579.69,11,2,0
28,120575.7,162986.51,9,5,0
59,79550.82,181530.92,8,3,0
52,121350.47399999999,82447.93,17,3,0
42,52355.808000000005,237288.86,16,2,0
26,103711.932,187578.19,13,4,1
55,37350.504,13657.26,13,4,1
50,30659.417999999998,93691.19,19,2,1
43,92968.848,59275.63,9,5,0
30,109514.97,5000.0,16,3,1
70,74527.362,95754.24,8,4,1
47,87610.5,109795.23,13,3,1
54,144177.64200000002,134150.2,10,5,0
28,89269.74,124661.67,18,4,1
57,122429.574,186344.47,10,3,0
51,117715.716,219041.37,12,4,1
27,79045.38,132018.11,8,6,1
64,79818.408,138341.29,13,6,1
66,147165.138,123165.27,19,4,0
70,98538.876,184406.75,17,2,0
70,110085.678,172472.93,15,4,1
42,126474.17399999998,126506.43,11,6,1
65,109292.994,5132.33,13,5,1
39,28591.595999999998,73691.51,10,3,0
52,140348.304,147906.52,13,5,1
56,124400.96999999999,88665.45,9,6,1
59,99680.74200000001,151590.45,13,2,0
37,117972.864,125319.18,11,3,0
32,133029.522,137762.79,16,7,1
69,149769.756,107244.16,13,4,1
38,101080.24200000001,164479.91,10,2,1
61,63992.106,238692.33,6,4,0
54,126995.31,140898.35,9,5,1
29,34868.574,107312.81,21,3,0
26,171000.594,216299.19,11,5,0
70,94388.886,56043.15,13,6,0
42,53731.926,108002.85,9,5,0
68,97832.88,72231.19,18,3,0
69,58176.450000000004,111023.6,14,7,1
60,118301.058,180393.9,13,2,1
27,80297.316,47852.9,11,3,1
70,105405.408,101305.44,12,4,0
34,167775.066,153348.04,14,4,1
